Aaliyah,,,,,,,,,,,,,,,,,,,,,,
Aaron,,,,,,,,,,,,,,,,,,,,,,
Abby,,,,,,,,,,,,,,,,,,,,,,
Abel,,,,,,,,,,,,,,,,,,,,,,
Abigail,,,,,,,,,,,,,,,,,,,,,,
Abraham,,,,,,,,,,,,,,,,,,,,,,
Adalyn,,,,,,,,,,,,,,,,,,,,,,
Adalynn,,,,,,,,,,,,,,,,,,,,,,
Adam,,,,,,,,,,,,,,,,,,,,,,
Addison,,,,,,,,,,,,,,,,,,,,,,
Adeline,,,,,,,,,,,,,,,,,,,,,,
Adrian,,,,,,,,,,,,,,,,,,,,,,
Adriana,,,,,,,,,,,,,,,,,,,,,,
Adrianna,,,,,,,,,,,,,,,,,,,,,,
Adrienne,,,,,,,,,,,,,,,,,,,,,,
Aidan,,,,,,,,,,,,,,,,,,,,,,
Aiden,,,,,,,,,,,,,,,,,,,,,,
Aimee,,,,,,,,,,,,,,,,,,,,,,
Alaina,,,,,,,,,,,,,,,,,,,,,,
Alan,,,,,,,,,,,,,,,,,,,,,,
Alana,,,,,,,,,,,,,,,,,,,,,,
Albert,,,,,,,,,,,,,,,,,,,,,,
Alec,,,,,,,,,,,,,,,,,,,,,,
Alejandra,,,,,,,,,,,,,,,,,,,,,,
Alejandro,,,,,,,,,,,,,,,,,,,,,,
Alex,,,,,,,,,,,,,,,,,,,,,,
Alexa,,,,,,,,,,,,,,,,,,,,,,
Alexander,,,,,,,,,,,,,,,,,,,,,,
Alexandra,,,,,,,,,,,,,,,,,,,,,,
Alexandria,,,,,,,,,,,,,,,,,,,,,,
Alexia,,,,,,,,,,,,,,,,,,,,,,
Alexis,,,,,,,,,,,,,,,,,,,,,,
Alfred,,,,,,,,,,,,,,,,,,,,,,
Alice,,,,,,,,,,,,,,,,,,,,,,
Alicia,,,,,,,,,,,,,,,,,,,,,,
Alisha,,,,,,,,,,,,,,,,,,,,,,
Alison,,,,,,,,,,,,,,,,,,,,,,
Aliyah,,,,,,,,,,,,,,,,,,,,,,
Allen,,,,,,,,,,,,,,,,,,,,,,
Allison,,,,,,,,,,,,,,,,,,,,,,
Alondra,,,,,,,,,,,,,,,,,,,,,,
Alvin,,,,,,,,,,,,,,,,,,,,,,
Alyssa,,,,,,,,,,,,,,,,,,,,,,
Amanda,,,,,,,,,,,,,,,,,,,,,,
Amber,,,,,,,,,,,,,,,,,,,,,,
Amelia,,,,,,,,,,,,,,,,,,,,,,
Amir,,,,,,,,,,,,,,,,,,,,,,
Amy,,,,,,,,,,,,,,,,,,,,,,
Ana,,,,,,,,,,,,,,,,,,,,,,
Andre,,,,,,,,,,,,,,,,,,,,,,
Andrea,,,,,,,,,,,,,,,,,,,,,,
Andres,,,,,,,,,,,,,,,,,,,,,,
Andrew,,,,,,,,,,,,,,,,,,,,,,
Angel,,,,,,,,,,,,,,,,,,,,,,
Angela,,,,,,,,,,,,,,,,,,,,,,
Angelica,,,,,,,,,,,,,,,,,,,,,,
Angelina,,,,,,,,,,,,,,,,,,,,,,
Angie,,,,,,,,,,,,,,,,,,,,,,
Anita,,,,,,,,,,,,,,,,,,,,,,
Ann,,,,,,,,,,,,,,,,,,,,,,
Anna,,,,,,,,,,,,,,,,,,,,,,
Annabelle,,,,,,,,,,,,,,,,,,,,,,
Anne,,,,,,,,,,,,,,,,,,,,,,
Annette,,,,,,,,,,,,,,,,,,,,,,
Anthony,,,,,,,,,,,,,,,,,,,,,,
Antonio,,,,,,,,,,,,,,,,,,,,,,
April,,,,,,,,,,,,,,,,,,,,,,
Aria,,,,,,,,,,,,,,,,,,,,,,
Ariana,,,,,,,,,,,,,,,,,,,,,,
Arianna,,,,,,,,,,,,,,,,,,,,,,
Ariel,,,,,,,,,,,,,,,,,,,,,,
Arthur,,,,,,,,,,,,,,,,,,,,,,
Asher,,,,,,,,,,,,,,,,,,,,,,
Ashlee,,,,,,,,,,,,,,,,,,,,,,
Ashley,,,,,,,,,,,,,,,,,,,,,,
Ashlyn,,,,,,,,,,,,,,,,,,,,,,
Ashton,,,,,,,,,,,,,,,,,,,,,,
Athena,,,,,,,,,,,,,,,,,,,,,,
Aubree,,,,,,,,,,,,,,,,,,,,,,
Aubrey,,,,,,,,,,,,,,,,,,,,,,
Audrey,,,,,,,,,,,,,,,,,,,,,,
Aurora,,,,,,,,,,,,,,,,,,,,,,
Austin,,,,,,,,,,,,,,,,,,,,,,
Autumn,,,,,,,,,,,,,,,,,,,,,,
Ava,,,,,,,,,,,,,,,,,,,,,,
Avery,,,,,,,,,,,,,,,,,,,,,,
Axel,,,,,,,,,,,,,,,,,,,,,,
Ayden,,,,,,,,,,,,,,,,,,,,,,
Bailey,,,,,,,,,,,,,,,,,,,,,,
Barbara,,,,,,,,,,,,,,,,,,,,,,
Barry,,,,,,,,,,,,,,,,,,,,,,
Becky,,,,,,,,,,,,,,,,,,,,,,
Belinda,,,,,,,,,,,,,,,,,,,,,,
Bella,,,,,,,,,,,,,,,,,,,,,,
Benjamin,,,,,,,,,,,,,,,,,,,,,,
Bennett,,,,,,,,,,,,,,,,,,,,,,
Bentley,,,,,,,,,,,,,,,,,,,,,,
Bernard,,,,,,,,,,,,,,,,,,,,,,
Beth,,,,,,,,,,,,,,,,,,,,,,
Bethany,,,,,,,,,,,,,,,,,,,,,,
Betty,,,,,,,,,,,,,,,,,,,,,,
Beverly,,,,,,,,,,,,,,,,,,,,,,
Bianca,,,,,,,,,,,,,,,,,,,,,,
Bill,,,,,,,,,,,,,,,,,,,,,,
Billy,,,,,,,,,,,,,,,,,,,,,,
Blake,,,,,,,,,,,,,,,,,,,,,,
Bob,,,,,,,,,,,,,,,,,,,,,,
Bobby,,,,,,,,,,,,,,,,,,,,,,
Bonnie,,,,,,,,,,,,,,,,,,,,,,
Brad,,,,,,,,,,,,,,,,,,,,,,
Braden,,,,,,,,,,,,,,,,,,,,,,
Bradley,,,,,,,,,,,,,,,,,,,,,,
Brady,,,,,,,,,,,,,,,,,,,,,,
Brandi,,,,,,,,,,,,,,,,,,,,,,
Brandon,,,,,,,,,,,,,,,,,,,,,,
Brandy,,,,,,,,,,,,,,,,,,,,,,
Brantley,,,,,,,,,,,,,,,,,,,,,,
Braxton,,,,,,,,,,,,,,,,,,,,,,
Brayden,,,,,,,,,,,,,,,,,,,,,,
Breanna,,,,,,,,,,,,,,,,,,,,,,
Brenda,,,,,,,,,,,,,,,,,,,,,,
Brendan,,,,,,,,,,,,,,,,,,,,,,
Brent,,,,,,,,,,,,,,,,,,,,,,
Brett,,,,,,,,,,,,,,,,,,,,,,
Brian,,,,,,,,,,,,,,,,,,,,,,
Briana,,,,,,,,,,,,,,,,,,,,,,
Brianna,,,,,,,,,,,,,,,,,,,,,,
Bridget,,,,,,,,,,,,,,,,,,,,,,
Brielle,,,,,,,,,,,,,,,,,,,,,,
Brittany,,,,,,,,,,,,,,,,,,,,,,
Brittney,,,,,,,,,,,,,,,,,,,,,,
Brody,,,,,,,,,,,,,,,,,,,,,,
Brooke,,,,,,,,,,,,,,,,,,,,,,
Brooklyn,,,,,,,,,,,,,,,,,,,,,,
Brooklynn,,,,,,,,,,,,,,,,,,,,,,
Bruce,,,,,,,,,,,,,,,,,,,,,,
Bryan,,,,,,,,,,,,,,,,,,,,,,
Bryce,,,,,,,,,,,,,,,,,,,,,,
Bryson,,,,,,,,,,,,,,,,,,,,,,
Caden,,,,,,,,,,,,,,,,,,,,,,
Caitlin,,,,,,,,,,,,,,,,,,,,,,
Caitlyn,,,,,,,,,,,,,,,,,,,,,,
Caleb,,,,,,,,,,,,,,,,,,,,,,
Calvin,,,,,,,,,,,,,,,,,,,,,,
Camden,,,,,,,,,,,,,,,,,,,,,,
Cameron,,,,,,,,,,,,,,,,,,,,,,
Camila,,,,,,,,,,,,,,,,,,,,,,
Candace,,,,,,,,,,,,,,,,,,,,,,
Candice,,,,,,,,,,,,,,,,,,,,,,
Carl,,,,,,,,,,,,,,,,,,,,,,
Carla,,,,,,,,,,,,,,,,,,,,,,
Carlos,,,,,,,,,,,,,,,,,,,,,,
Carly,,,,,,,,,,,,,,,,,,,,,,
Carmen,,,,,,,,,,,,,,,,,,,,,,
Carol,,,,,,,,,,,,,,,,,,,,,,
Caroline,,,,,,,,,,,,,,,,,,,,,,
Carolyn,,,,,,,,,,,,,,,,,,,,,,
Carrie,,,,,,,,,,,,,,,,,,,,,,
Carson,,,,,,,,,,,,,,,,,,,,,,
Carter,,,,,,,,,,,,,,,,,,,,,,
Casey,,,,,,,,,,,,,,,,,,,,,,
Cassandra,,,,,,,,,,,,,,,,,,,,,,
Cassidy,,,,,,,,,,,,,,,,,,,,,,
Cassie,,,,,,,,,,,,,,,,,,,,,,
Catherine,,,,,,,,,,,,,,,,,,,,,,
Cathy,,,,,,,,,,,,,,,,,,,,,,
Cayden,,,,,,,,,,,,,,,,,,,,,,
Cesar,,,,,,,,,,,,,,,,,,,,,,
Chad,,,,,,,,,,,,,,,,,,,,,,
Charlene,,,,,,,,,,,,,,,,,,,,,,
Charles,,,,,,,,,,,,,,,,,,,,,,
Charlotte,,,,,,,,,,,,,,,,,,,,,,
Chase,,,,,,,,,,,,,,,,,,,,,,
Chelsea,,,,,,,,,,,,,,,,,,,,,,
Chelsey,,,,,,,,,,,,,,,,,,,,,,
Cheryl,,,,,,,,,,,,,,,,,,,,,,
Cheyenne,,,,,,,,,,,,,,,,,,,,,,
Chloe,,,,,,,,,,,,,,,,,,,,,,
Chris,,,,,,,,,,,,,,,,,,,,,,
Christian,,,,,,,,,,,,,,,,,,,,,,
Christie,,,,,,,,,,,,,,,,,,,,,,
Christina,,,,,,,,,,,,,,,,,,,,,,
Christine,,,,,,,,,,,,,,,,,,,,,,
Christopher,,,,,,,,,,,,,,,,,,,,,,
Christy,,,,,,,,,,,,,,,,,,,,,,
Cindy,,,,,,,,,,,,,,,,,,,,,,
Claire,,,,,,,,,,,,,,,,,,,,,,
Clara,,,,,,,,,,,,,,,,,,,,,,
Clarence,,,,,,,,,,,,,,,,,,,,,,
Claudia,,,,,,,,,,,,,,,,,,,,,,
Clayton,,,,,,,,,,,,,,,,,,,,,,
Clifford,,,,,,,,,,,,,,,,,,,,,,
Clinton,,,,,,,,,,,,,,,,,,,,,,
Cody,,,,,,,,,,,,,,,,,,,,,,
Colby,,,,,,,,,,,,,,,,,,,,,,
Cole,,,,,,,,,,,,,,,,,,,,,,
Colin,,,,,,,,,,,,,,,,,,,,,,
Colleen,,,,,,,,,,,,,,,,,,,,,,
Collin,,,,,,,,,,,,,,,,,,,,,,
Colton,,,,,,,,,,,,,,,,,,,,,,
Conner,,,,,,,,,,,,,,,,,,,,,,
Connie,,,,,,,,,,,,,,,,,,,,,,
Connor,,,,,,,,,,,,,,,,,,,,,,
Cooper,,,,,,,,,,,,,,,,,,,,,,
Cora,,,,,,,,,,,,,,,,,,,,,,
Corey,,,,,,,,,,,,,,,,,,,,,,
Cory,,,,,,,,,,,,,,,,,,,,,,
Courtney,,,,,,,,,,,,,,,,,,,,,,
Craig,,,,,,,,,,,,,,,,,,,,,,
Cristian,,,,,,,,,,,,,,,,,,,,,,
Cristina,,,,,,,,,,,,,,,,,,,,,,
Crystal,,,,,,,,,,,,,,,,,,,,,,
Curtis,,,,,,,,,,,,,,,,,,,,,,
Cynthia,,,,,,,,,,,,,,,,,,,,,,
Daisy,,,,,,,,,,,,,,,,,,,,,,
Dakota,,,,,,,,,,,,,,,,,,,,,,
Dale,,,,,,,,,,,,,,,,,,,,,,
Dalton,,,,,,,,,,,,,,,,,,,,,,
Damian,,,,,,,,,,,,,,,,,,,,,,
Damon,,,,,,,,,,,,,,,,,,,,,,
Dan,,,,,,,,,,,,,,,,,,,,,,
Dana,,,,,,,,,,,,,,,,,,,,,,
Daniel,,,,,,,,,,,,,,,,,,,,,,
Daniela,,,,,,,,,,,,,,,,,,,,,,
Danielle,,,,,,,,,,,,,,,,,,,,,,
Danny,,,,,,,,,,,,,,,,,,,,,,
Darin,,,,,,,,,,,,,,,,,,,,,,
Darius,,,,,,,,,,,,,,,,,,,,,,
Darlene,,,,,,,,,,,,,,,,,,,,,,
Darrell,,,,,,,,,,,,,,,,,,,,,,
Darren,,,,,,,,,,,,,,,,,,,,,,
Darryl,,,,,,,,,,,,,,,,,,,,,,
Daryl,,,,,,,,,,,,,,,,,,,,,,
Dave,,,,,,,,,,,,,,,,,,,,,,
David,,,,,,,,,,,,,,,,,,,,,,
Dawn,,,,,,,,,,,,,,,,,,,,,,
Dean,,,,,,,,,,,,,,,,,,,,,,
Deanna,,,,,,,,,,,,,,,,,,,,,,
Debbie,,,,,,,,,,,,,,,,,,,,,,
Deborah,,,,,,,,,,,,,,,,,,,,,,
Debra,,,,,,,,,,,,,,,,,,,,,,
Declan,,,,,,,,,,,,,,,,,,,,,,
Delaney,,,,,,,,,,,,,,,,,,,,,,
Delilah,,,,,,,,,,,,,,,,,,,,,,
Denise,,,,,,,,,,,,,,,,,,,,,,
Dennis,,,,,,,,,,,,,,,,,,,,,,
Derek,,,,,,,,,,,,,,,,,,,,,,
Derrick,,,,,,,,,,,,,,,,,,,,,,
Desiree,,,,,,,,,,,,,,,,,,,,,,
Destiny,,,,,,,,,,,,,,,,,,,,,,
Devin,,,,,,,,,,,,,,,,,,,,,,
Devon,,,,,,,,,,,,,,,,,,,,,,
Diamond,,,,,,,,,,,,,,,,,,,,,,
Diana,,,,,,,,,,,,,,,,,,,,,,
Diane,,,,,,,,,,,,,,,,,,,,,,
Diego,,,,,,,,,,,,,,,,,,,,,,
Dillon,,,,,,,,,,,,,,,,,,,,,,
Dominic,,,,,,,,,,,,,,,,,,,,,,
Dominique,,,,,,,,,,,,,,,,,,,,,,
Don,,,,,,,,,,,,,,,,,,,,,,
Donald,,,,,,,,,,,,,,,,,,,,,,
Donna,,,,,,,,,,,,,,,,,,,,,,
Donovan,,,,,,,,,,,,,,,,,,,,,,
Doris,,,,,,,,,,,,,,,,,,,,,,
Dorothy,,,,,,,,,,,,,,,,,,,,,,
Douglas,,,,,,,,,,,,,,,,,,,,,,
Drew,,,,,,,,,,,,,,,,,,,,,,
Duane,,,,,,,,,,,,,,,,,,,,,,
Dustin,,,,,,,,,,,,,,,,,,,,,,
Dwayne,,,,,,,,,,,,,,,,,,,,,,
Dylan,,,,,,,,,,,,,,,,,,,,,,
Earl,,,,,,,,,,,,,,,,,,,,,,
Easton,,,,,,,,,,,,,,,,,,,,,,
Ebony,,,,,,,,,,,,,,,,,,,,,,
Eddie,,,,,,,,,,,,,,,,,,,,,,
Eden,,,,,,,,,,,,,,,,,,,,,,
Edgar,,,,,,,,,,,,,,,,,,,,,,
Eduardo,,,,,,,,,,,,,,,,,,,,,,
Edward,,,,,,,,,,,,,,,,,,,,,,
Edwin,,,,,,,,,,,,,,,,,,,,,,
Eileen,,,,,,,,,,,,,,,,,,,,,,
Elaine,,,,,,,,,,,,,,,,,,,,,,
Eleanor,,,,,,,,,,,,,,,,,,,,,,
Elena,,,,,,,,,,,,,,,,,,,,,,
Eli,,,,,,,,,,,,,,,,,,,,,,
Eliana,,,,,,,,,,,,,,,,,,,,,,
Elias,,,,,,,,,,,,,,,,,,,,,,
Elijah,,,,,,,,,,,,,,,,,,,,,,
Elise,,,,,,,,,,,,,,,,,,,,,,
Eliza,,,,,,,,,,,,,,,,,,,,,,
Elizabeth,,,,,,,,,,,,,,,,,,,,,,
Ella,,,,,,,,,,,,,,,,,,,,,,
Ellen,,,,,,,,,,,,,,,,,,,,,,
Ellie,,,,,,,,,,,,,,,,,,,,,,
Emery,,,,,,,,,,,,,,,,,,,,,,
Emilia,,,,,,,,,,,,,,,,,,,,,,
Emily,,,,,,,,,,,,,,,,,,,,,,
Emma,,,,,,,,,,,,,,,,,,,,,,
Emmanuel,,,,,,,,,,,,,,,,,,,,,,
Emmett,,,,,,,,,,,,,,,,,,,,,,
Eric,,,,,,,,,,,,,,,,,,,,,,
Erica,,,,,,,,,,,,,,,,,,,,,,
Erick,,,,,,,,,,,,,,,,,,,,,,
Erik,,,,,,,,,,,,,,,,,,,,,,
Erika,,,,,,,,,,,,,,,,,,,,,,
Erin,,,,,,,,,,,,,,,,,,,,,,
Ernest,,,,,,,,,,,,,,,,,,,,,,
Ethan,,,,,,,,,,,,,,,,,,,,,,
Eugene,,,,,,,,,,,,,,,,,,,,,,
Eva,,,,,,,,,,,,,,,,,,,,,,
Evan,,,,,,,,,,,,,,,,,,,,,,
Evelyn,,,,,,,,,,,,,,,,,,,,,,
Everett,,,,,,,,,,,,,,,,,,,,,,
Everly,,,,,,,,,,,,,,,,,,,,,,
Ezekiel,,,,,,,,,,,,,,,,,,,,,,
Ezra,,,,,,,,,,,,,,,,,,,,,,
Faith,,,,,,,,,,,,,,,,,,,,,,
Felicia,,,,,,,,,,,,,,,,,,,,,,
Fernando,,,,,,,,,,,,,,,,,,,,,,
Frances,,,,,,,,,,,,,,,,,,,,,,
Francis,,,,,,,,,,,,,,,,,,,,,,
Francisco,,,,,,,,,,,,,,,,,,,,,,
Frank,,,,,,,,,,,,,,,,,,,,,,
Franklin,,,,,,,,,,,,,,,,,,,,,,
Fred,,,,,,,,,,,,,,,,,,,,,,
Frederick,,,,,,,,,,,,,,,,,,,,,,
Gabriel,,,,,,,,,,,,,,,,,,,,,,
Gabriela,,,,,,,,,,,,,,,,,,,,,,
Gabriella,,,,,,,,,,,,,,,,,,,,,,
Gabrielle,,,,,,,,,,,,,,,,,,,,,,
Gael,,,,,,,,,,,,,,,,,,,,,,
Gage,,,,,,,,,,,,,,,,,,,,,,
Gail,,,,,,,,,,,,,,,,,,,,,,
Garrett,,,,,,,,,,,,,,,,,,,,,,
Gary,,,,,,,,,,,,,,,,,,,,,,
Gavin,,,,,,,,,,,,,,,,,,,,,,
Gene,,,,,,,,,,,,,,,,,,,,,,
Genesis,,,,,,,,,,,,,,,,,,,,,,
Geoffrey,,,,,,,,,,,,,,,,,,,,,,
George,,,,,,,,,,,,,,,,,,,,,,
Gerald,,,,,,,,,,,,,,,,,,,,,,
Gianna,,,,,,,,,,,,,,,,,,,,,,
Gilbert,,,,,,,,,,,,,,,,,,,,,,
Gina,,,,,,,,,,,,,,,,,,,,,,
Giovanni,,,,,,,,,,,,,,,,,,,,,,
Giselle,,,,,,,,,,,,,,,,,,,,,,
Glen,,,,,,,,,,,,,,,,,,,,,,
Glenda,,,,,,,,,,,,,,,,,,,,,,
Glenn,,,,,,,,,,,,,,,,,,,,,,
Gloria,,,,,,,,,,,,,,,,,,,,,,
Gordon,,,,,,,,,,,,,,,,,,,,,,
Grace,,,,,,,,,,,,,,,,,,,,,,
Gracie,,,,,,,,,,,,,,,,,,,,,,
Graham,,,,,,,,,,,,,,,,,,,,,,
Grant,,,,,,,,,,,,,,,,,,,,,,
Grayson,,,,,,,,,,,,,,,,,,,,,,
Greg,,,,,,,,,,,,,,,,,,,,,,
Gregg,,,,,,,,,,,,,,,,,,,,,,
Gregory,,,,,,,,,,,,,,,,,,,,,,
Greyson,,,,,,,,,,,,,,,,,,,,,,
Guy,,,,,,,,,,,,,,,,,,,,,,
Gwendolyn,,,,,,,,,,,,,,,,,,,,,,
Hadley,,,,,,,,,,,,,,,,,,,,,,
Hailey,,,,,,,,,,,,,,,,,,,,,,
Haley,,,,,,,,,,,,,,,,,,,,,,
Hannah,,,,,,,,,,,,,,,,,,,,,,
Harmony,,,,,,,,,,,,,,,,,,,,,,
Harold,,,,,,,,,,,,,,,,,,,,,,
Harper,,,,,,,,,,,,,,,,,,,,,,
Harrison,,,,,,,,,,,,,,,,,,,,,,
Harry,,,,,,,,,,,,,,,,,,,,,,
Hayden,,,,,,,,,,,,,,,,,,,,,,
Hayley,,,,,,,,,,,,,,,,,,,,,,
Hazel,,,,,,,,,,,,,,,,,,,,,,
Heather,,,,,,,,,,,,,,,,,,,,,,
Hector,,,,,,,,,,,,,,,,,,,,,,
Heidi,,,,,,,,,,,,,,,,,,,,,,
Helen,,,,,,,,,,,,,,,,,,,,,,
Henry,,,,,,,,,,,,,,,,,,,,,,
Herbert,,,,,,,,,,,,,,,,,,,,,,
Holly,,,,,,,,,,,,,,,,,,,,,,
Hope,,,,,,,,,,,,,,,,,,,,,,
Howard,,,,,,,,,,,,,,,,,,,,,,
Hudson,,,,,,,,,,,,,,,,,,,,,,
Hunter,,,,,,,,,,,,,,,,,,,,,,
Ian,,,,,,,,,,,,,,,,,,,,,,
Isaac,,,,,,,,,,,,,,,,,,,,,,
Isabel,,,,,,,,,,,,,,,,,,,,,,
Isabella,,,,,,,,,,,,,,,,,,,,,,
Isabelle,,,,,,,,,,,,,,,,,,,,,,
Isaiah,,,,,,,,,,,,,,,,,,,,,,
Isla,,,,,,,,,,,,,,,,,,,,,,
Ivan,,,,,,,,,,,,,,,,,,,,,,
Ivy,,,,,,,,,,,,,,,,,,,,,,
Izabella,,,,,,,,,,,,,,,,,,,,,,
Jace,,,,,,,,,,,,,,,,,,,,,,
Jack,,,,,,,,,,,,,,,,,,,,,,
Jackie,,,,,,,,,,,,,,,,,,,,,,
Jackson,,,,,,,,,,,,,,,,,,,,,,
Jaclyn,,,,,,,,,,,,,,,,,,,,,,
Jacob,,,,,,,,,,,,,,,,,,,,,,
Jacqueline,,,,,,,,,,,,,,,,,,,,,,
Jada,,,,,,,,,,,,,,,,,,,,,,
Jade,,,,,,,,,,,,,,,,,,,,,,
Jaden,,,,,,,,,,,,,,,,,,,,,,
Jaime,,,,,,,,,,,,,,,,,,,,,,
Jake,,,,,,,,,,,,,,,,,,,,,,
Jalen,,,,,,,,,,,,,,,,,,,,,,
James,,,,,,,,,,,,,,,,,,,,,,
Jameson,,,,,,,,,,,,,,,,,,,,,,
Jamie,,,,,,,,,,,,,,,,,,,,,,
Jane,,,,,,,,,,,,,,,,,,,,,,
Janet,,,,,,,,,,,,,,,,,,,,,,
Janice,,,,,,,,,,,,,,,,,,,,,,
Jared,,,,,,,,,,,,,,,,,,,,,,
Jasmin,,,,,,,,,,,,,,,,,,,,,,
Jasmine,,,,,,,,,,,,,,,,,,,,,,
Jason,,,,,,,,,,,,,,,,,,,,,,
Javier,,,,,,,,,,,,,,,,,,,,,,
Jaxon,,,,,,,,,,,,,,,,,,,,,,
Jaxson,,,,,,,,,,,,,,,,,,,,,,
Jay,,,,,,,,,,,,,,,,,,,,,,
Jayce,,,,,,,,,,,,,,,,,,,,,,
Jayden,,,,,,,,,,,,,,,,,,,,,,
Jayla,,,,,,,,,,,,,,,,,,,,,,
Jazmin,,,,,,,,,,,,,,,,,,,,,,
Jean,,,,,,,,,,,,,,,,,,,,,,
Jeanette,,,,,,,,,,,,,,,,,,,,,,
Jeanne,,,,,,,,,,,,,,,,,,,,,,
Jeff,,,,,,,,,,,,,,,,,,,,,,
Jeffery,,,,,,,,,,,,,,,,,,,,,,
Jeffrey,,,,,,,,,,,,,,,,,,,,,,
Jenna,,,,,,,,,,,,,,,,,,,,,,
Jennifer,,,,,,,,,,,,,,,,,,,,,,
Jenny,,,,,,,,,,,,,,,,,,,,,,
Jeremiah,,,,,,,,,,,,,,,,,,,,,,
Jeremy,,,,,,,,,,,,,,,,,,,,,,
Jermaine,,,,,,,,,,,,,,,,,,,,,,
Jerome,,,,,,,,,,,,,,,,,,,,,,
Jerry,,,,,,,,,,,,,,,,,,,,,,
Jesse,,,,,,,,,,,,,,,,,,,,,,
Jessica,,,,,,,,,,,,,,,,,,,,,,
Jesus,,,,,,,,,,,,,,,,,,,,,,
Jill,,,,,,,,,,,,,,,,,,,,,,
Jillian,,,,,,,,,,,,,,,,,,,,,,
Jim,,,,,,,,,,,,,,,,,,,,,,
Jimmy,,,,,,,,,,,,,,,,,,,,,,
Jo,,,,,,,,,,,,,,,,,,,,,,
Joan,,,,,,,,,,,,,,,,,,,,,,
Joann,,,,,,,,,,,,,,,,,,,,,,
Joanna,,,,,,,,,,,,,,,,,,,,,,
Joanne,,,,,,,,,,,,,,,,,,,,,,
Jocelyn,,,,,,,,,,,,,,,,,,,,,,
Jodi,,,,,,,,,,,,,,,,,,,,,,
Jody,,,,,,,,,,,,,,,,,,,,,,
Joe,,,,,,,,,,,,,,,,,,,,,,
Joel,,,,,,,,,,,,,,,,,,,,,,
John,,,,,,,,,,,,,,,,,,,,,,
Johnathan,,,,,,,,,,,,,,,,,,,,,,
Johnny,,,,,,,,,,,,,,,,,,,,,,
Jon,,,,,,,,,,,,,,,,,,,,,,
Jonah,,,,,,,,,,,,,,,,,,,,,,
Jonathan,,,,,,,,,,,,,,,,,,,,,,
Jonathon,,,,,,,,,,,,,,,,,,,,,,
Jordan,,,,,,,,,,,,,,,,,,,,,,
Jordyn,,,,,,,,,,,,,,,,,,,,,,
Jorge,,,,,,,,,,,,,,,,,,,,,,
Jose,,,,,,,,,,,,,,,,,,,,,,
Joseph,,,,,,,,,,,,,,,,,,,,,,
Josephine,,,,,,,,,,,,,,,,,,,,,,
Joshua,,,,,,,,,,,,,,,,,,,,,,
Josiah,,,,,,,,,,,,,,,,,,,,,,
Joy,,,,,,,,,,,,,,,,,,,,,,
Joyce,,,,,,,,,,,,,,,,,,,,,,
Juan,,,,,,,,,,,,,,,,,,,,,,
Jude,,,,,,,,,,,,,,,,,,,,,,
Judith,,,,,,,,,,,,,,,,,,,,,,
Judy,,,,,,,,,,,,,,,,,,,,,,
Julia,,,,,,,,,,,,,,,,,,,,,,
Julian,,,,,,,,,,,,,,,,,,,,,,
Juliana,,,,,,,,,,,,,,,,,,,,,,
Julianna,,,,,,,,,,,,,,,,,,,,,,
Julie,,,,,,,,,,,,,,,,,,,,,,
Justin,,,,,,,,,,,,,,,,,,,,,,
Kaden,,,,,,,,,,,,,,,,,,,,,,
Kai,,,,,,,,,,,,,,,,,,,,,,
Kaiden,,,,,,,,,,,,,,,,,,,,,,
Kaitlin,,,,,,,,,,,,,,,,,,,,,,
Kaitlyn,,,,,,,,,,,,,,,,,,,,,,
Kaleb,,,,,,,,,,,,,,,,,,,,,,
Kara,,,,,,,,,,,,,,,,,,,,,,
Karen,,,,,,,,,,,,,,,,,,,,,,
Kari,,,,,,,,,,,,,,,,,,,,,,
Karina,,,,,,,,,,,,,,,,,,,,,,
Karl,,,,,,,,,,,,,,,,,,,,,,
Karla,,,,,,,,,,,,,,,,,,,,,,
Kate,,,,,,,,,,,,,,,,,,,,,,
Katelyn,,,,,,,,,,,,,,,,,,,,,,
Katherine,,,,,,,,,,,,,,,,,,,,,,
Kathleen,,,,,,,,,,,,,,,,,,,,,,
Kathryn,,,,,,,,,,,,,,,,,,,,,,
Kathy,,,,,,,,,,,,,,,,,,,,,,
Katie,,,,,,,,,,,,,,,,,,,,,,
Katrina,,,,,,,,,,,,,,,,,,,,,,
Kayden,,,,,,,,,,,,,,,,,,,,,,
Kayla,,,,,,,,,,,,,,,,,,,,,,
Kaylee,,,,,,,,,,,,,,,,,,,,,,
Keith,,,,,,,,,,,,,,,,,,,,,,
Kelli,,,,,,,,,,,,,,,,,,,,,,
Kellie,,,,,,,,,,,,,,,,,,,,,,
Kelly,,,,,,,,,,,,,,,,,,,,,,
Kelsey,,,,,,,,,,,,,,,,,,,,,,
Kendall,,,,,,,,,,,,,,,,,,,,,,
Kendra,,,,,,,,,,,,,,,,,,,,,,
Kennedy,,,,,,,,,,,,,,,,,,,,,,
Kenneth,,,,,,,,,,,,,,,,,,,,,,
Kent,,,,,,,,,,,,,,,,,,,,,,
Kerri,,,,,,,,,,,,,,,,,,,,,,
Kerry,,,,,,,,,,,,,,,,,,,,,,
Kevin,,,,,,,,,,,,,,,,,,,,,,
Khloe,,,,,,,,,,,,,,,,,,,,,,
Kiara,,,,,,,,,,,,,,,,,,,,,,
Kim,,,,,,,,,,,,,,,,,,,,,,
Kimberly,,,,,,,,,,,,,,,,,,,,,,
King,,,,,,,,,,,,,,,,,,,,,,
Kingston,,,,,,,,,,,,,,,,,,,,,,
Kinsley,,,,,,,,,,,,,,,,,,,,,,
Kirk,,,,,,,,,,,,,,,,,,,,,,
Kirsten,,,,,,,,,,,,,,,,,,,,,,
Krista,,,,,,,,,,,,,,,,,,,,,,
Kristen,,,,,,,,,,,,,,,,,,,,,,
Kristi,,,,,,,,,,,,,,,,,,,,,,
Kristie,,,,,,,,,,,,,,,,,,,,,,
Kristin,,,,,,,,,,,,,,,,,,,,,,
Kristina,,,,,,,,,,,,,,,,,,,,,,
Kristine,,,,,,,,,,,,,,,,,,,,,,
Kristopher,,,,,,,,,,,,,,,,,,,,,,
Kristy,,,,,,,,,,,,,,,,,,,,,,
Krystal,,,,,,,,,,,,,,,,,,,,,,
Kurt,,,,,,,,,,,,,,,,,,,,,,
Kyle,,,,,,,,,,,,,,,,,,,,,,
Kylee,,,,,,,,,,,,,,,,,,,,,,
Kylie,,,,,,,,,,,,,,,,,,,,,,
Lacey,,,,,,,,,,,,,,,,,,,,,,
Laila,,,,,,,,,,,,,,,,,,,,,,
Lance,,,,,,,,,,,,,,,,,,,,,,
Landon,,,,,,,,,,,,,,,,,,,,,,
Larry,,,,,,,,,,,,,,,,,,,,,,
Latasha,,,,,,,,,,,,,,,,,,,,,,
Latoya,,,,,,,,,,,,,,,,,,,,,,
Laura,,,,,,,,,,,,,,,,,,,,,,
Lauren,,,,,,,,,,,,,,,,,,,,,,
Laurie,,,,,,,,,,,,,,,,,,,,,,
Lawrence,,,,,,,,,,,,,,,,,,,,,,
Layla,,,,,,,,,,,,,,,,,,,,,,
Leah,,,,,,,,,,,,,,,,,,,,,,
Lee,,,,,,,,,,,,,,,,,,,,,,
Leilani,,,,,,,,,,,,,,,,,,,,,,
Leo,,,,,,,,,,,,,,,,,,,,,,
Leon,,,,,,,,,,,,,,,,,,,,,,
Leonard,,,,,,,,,,,,,,,,,,,,,,
Leonardo,,,,,,,,,,,,,,,,,,,,,,
Leroy,,,,,,,,,,,,,,,,,,,,,,
Leslie,,,,,,,,,,,,,,,,,,,,,,
Levi,,,,,,,,,,,,,,,,,,,,,,
Liam,,,,,,,,,,,,,,,,,,,,,,
Lila,,,,,,,,,,,,,,,,,,,,,,
Liliana,,,,,,,,,,,,,,,,,,,,,,
Lillian,,,,,,,,,,,,,,,,,,,,,,
Lilly,,,,,,,,,,,,,,,,,,,,,,
Lily,,,,,,,,,,,,,,,,,,,,,,
Lincoln,,,,,,,,,,,,,,,,,,,,,,
Linda,,,,,,,,,,,,,,,,,,,,,,
Lindsay,,,,,,,,,,,,,,,,,,,,,,
Lindsey,,,,,,,,,,,,,,,,,,,,,,
Lisa,,,,,,,,,,,,,,,,,,,,,,
Logan,,,,,,,,,,,,,,,,,,,,,,
London,,,,,,,,,,,,,,,,,,,,,,
Londyn,,,,,,,,,,,,,,,,,,,,,,
Lonnie,,,,,,,,,,,,,,,,,,,,,,
Loretta,,,,,,,,,,,,,,,,,,,,,,
Lori,,,,,,,,,,,,,,,,,,,,,,
Lorraine,,,,,,,,,,,,,,,,,,,,,,
Louis,,,,,,,,,,,,,,,,,,,,,,
Luca,,,,,,,,,,,,,,,,,,,,,,
Lucas,,,,,,,,,,,,,,,,,,,,,,
Lucy,,,,,,,,,,,,,,,,,,,,,,
Luis,,,,,,,,,,,,,,,,,,,,,,
Luke,,,,,,,,,,,,,,,,,,,,,,
Luna,,,,,,,,,,,,,,,,,,,,,,
Lydia,,,,,,,,,,,,,,,,,,,,,,
Lyla,,,,,,,,,,,,,,,,,,,,,,
Lynn,,,,,,,,,,,,,,,,,,,,,,
Mackenzie,,,,,,,,,,,,,,,,,,,,,,
Maddox,,,,,,,,,,,,,,,,,,,,,,
Madeline,,,,,,,,,,,,,,,,,,,,,,
Madelyn,,,,,,,,,,,,,,,,,,,,,,
Madison,,,,,,,,,,,,,,,,,,,,,,
Makayla,,,,,,,,,,,,,,,,,,,,,,
Makenzie,,,,,,,,,,,,,,,,,,,,,,
Malachi,,,,,,,,,,,,,,,,,,,,,,
Malik,,,,,,,,,,,,,,,,,,,,,,
Mallory,,,,,,,,,,,,,,,,,,,,,,
Mandy,,,,,,,,,,,,,,,,,,,,,,
Manuel,,,,,,,,,,,,,,,,,,,,,,
Marc,,,,,,,,,,,,,,,,,,,,,,
Marcia,,,,,,,,,,,,,,,,,,,,,,
Marco,,,,,,,,,,,,,,,,,,,,,,
Marcus,,,,,,,,,,,,,,,,,,,,,,
Margaret,,,,,,,,,,,,,,,,,,,,,,
Maria,,,,,,,,,,,,,,,,,,,,,,
Mariah,,,,,,,,,,,,,,,,,,,,,,
Marie,,,,,,,,,,,,,,,,,,,,,,
Marilyn,,,,,,,,,,,,,,,,,,,,,,
Mario,,,,,,,,,,,,,,,,,,,,,,
Marisa,,,,,,,,,,,,,,,,,,,,,,
Marissa,,,,,,,,,,,,,,,,,,,,,,
Mark,,,,,,,,,,,,,,,,,,,,,,
Martha,,,,,,,,,,,,,,,,,,,,,,
Martin,,,,,,,,,,,,,,,,,,,,,,
Marvin,,,,,,,,,,,,,,,,,,,,,,
Mary,,,,,,,,,,,,,,,,,,,,,,
Mason,,,,,,,,,,,,,,,,,,,,,,
Mateo,,,,,,,,,,,,,,,,,,,,,,
Mathew,,,,,,,,,,,,,,,,,,,,,,
Matthew,,,,,,,,,,,,,,,,,,,,,,
Maureen,,,,,,,,,,,,,,,,,,,,,,
Maurice,,,,,,,,,,,,,,,,,,,,,,
Maverick,,,,,,,,,,,,,,,,,,,,,,
Max,,,,,,,,,,,,,,,,,,,,,,
Maximus,,,,,,,,,,,,,,,,,,,,,,
Maxwell,,,,,,,,,,,,,,,,,,,,,,
Maya,,,,,,,,,,,,,,,,,,,,,,
Mckenzie,,,,,,,,,,,,,,,,,,,,,,
Meagan,,,,,,,,,,,,,,,,,,,,,,
Megan,,,,,,,,,,,,,,,,,,,,,,
Meghan,,,,,,,,,,,,,,,,,,,,,,
Melanie,,,,,,,,,,,,,,,,,,,,,,
Melinda,,,,,,,,,,,,,,,,,,,,,,
Melissa,,,,,,,,,,,,,,,,,,,,,,
Melody,,,,,,,,,,,,,,,,,,,,,,
Melvin,,,,,,,,,,,,,,,,,,,,,,
Mercedes,,,,,,,,,,,,,,,,,,,,,,
Meredith,,,,,,,,,,,,,,,,,,,,,,
Mia,,,,,,,,,,,,,,,,,,,,,,
Micah,,,,,,,,,,,,,,,,,,,,,,
Michael,,,,,,,,,,,,,,,,,,,,,,
Michaela,,,,,,,,,,,,,,,,,,,,,,
Micheal,,,,,,,,,,,,,,,,,,,,,,
Michele,,,,,,,,,,,,,,,,,,,,,,
Michelle,,,,,,,,,,,,,,,,,,,,,,
Miguel,,,,,,,,,,,,,,,,,,,,,,
Mikayla,,,,,,,,,,,,,,,,,,,,,,
Mike,,,,,,,,,,,,,,,,,,,,,,
Mila,,,,,,,,,,,,,,,,,,,,,,
Miles,,,,,,,,,,,,,,,,,,,,,,
Mindy,,,,,,,,,,,,,,,,,,,,,,
Miranda,,,,,,,,,,,,,,,,,,,,,,
Misty,,,,,,,,,,,,,,,,,,,,,,
Mitchell,,,,,,,,,,,,,,,,,,,,,,
Molly,,,,,,,,,,,,,,,,,,,,,,
Monica,,,,,,,,,,,,,,,,,,,,,,
Monique,,,,,,,,,,,,,,,,,,,,,,
Morgan,,,,,,,,,,,,,,,,,,,,,,
Mya,,,,,,,,,,,,,,,,,,,,,,
Nancy,,,,,,,,,,,,,,,,,,,,,,
Naomi,,,,,,,,,,,,,,,,,,,,,,
Natalia,,,,,,,,,,,,,,,,,,,,,,
Natalie,,,,,,,,,,,,,,,,,,,,,,
Natasha,,,,,,,,,,,,,,,,,,,,,,
Nathan,,,,,,,,,,,,,,,,,,,,,,
Nathaniel,,,,,,,,,,,,,,,,,,,,,,
Neil,,,,,,,,,,,,,,,,,,,,,,
Nevaeh,,,,,,,,,,,,,,,,,,,,,,
Nicholas,,,,,,,,,,,,,,,,,,,,,,
Nichole,,,,,,,,,,,,,,,,,,,,,,
Nicolas,,,,,,,,,,,,,,,,,,,,,,
Nicole,,,,,,,,,,,,,,,,,,,,,,
Nina,,,,,,,,,,,,,,,,,,,,,,
Noah,,,,,,,,,,,,,,,,,,,,,,
Nolan,,,,,,,,,,,,,,,,,,,,,,
Nora,,,,,,,,,,,,,,,,,,,,,,
Norah,,,,,,,,,,,,,,,,,,,,,,
Norma,,,,,,,,,,,,,,,,,,,,,,
Norman,,,,,,,,,,,,,,,,,,,,,,
Oliver,,,,,,,,,,,,,,,,,,,,,,
Olivia,,,,,,,,,,,,,,,,,,,,,,
Omar,,,,,,,,,,,,,,,,,,,,,,
Oscar,,,,,,,,,,,,,,,,,,,,,,
Owen,,,,,,,,,,,,,,,,,,,,,,
Paige,,,,,,,,,,,,,,,,,,,,,,
Paisley,,,,,,,,,,,,,,,,,,,,,,
Pam,,,,,,,,,,,,,,,,,,,,,,
Pamela,,,,,,,,,,,,,,,,,,,,,,
Parker,,,,,,,,,,,,,,,,,,,,,,
Patricia,,,,,,,,,,,,,,,,,,,,,,
Patrick,,,,,,,,,,,,,,,,,,,,,,
Patty,,,,,,,,,,,,,,,,,,,,,,
Paul,,,,,,,,,,,,,,,,,,,,,,
Paula,,,,,,,,,,,,,,,,,,,,,,
Payton,,,,,,,,,,,,,,,,,,,,,,
Pedro,,,,,,,,,,,,,,,,,,,,,,
Peggy,,,,,,,,,,,,,,,,,,,,,,
Penelope,,,,,,,,,,,,,,,,,,,,,,
Penny,,,,,,,,,,,,,,,,,,,,,,
Perry,,,,,,,,,,,,,,,,,,,,,,
Peter,,,,,,,,,,,,,,,,,,,,,,
Peyton,,,,,,,,,,,,,,,,,,,,,,
Philip,,,,,,,,,,,,,,,,,,,,,,
Phillip,,,,,,,,,,,,,,,,,,,,,,
Phyllis,,,,,,,,,,,,,,,,,,,,,,
Piper,,,,,,,,,,,,,,,,,,,,,,
Preston,,,,,,,,,,,,,,,,,,,,,,
Priscilla,,,,,,,,,,,,,,,,,,,,,,
Quinn,,,,,,,,,,,,,,,,,,,,,,
Rachael,,,,,,,,,,,,,,,,,,,,,,
Rachel,,,,,,,,,,,,,,,,,,,,,,
Ralph,,,,,,,,,,,,,,,,,,,,,,
Randall,,,,,,,,,,,,,,,,,,,,,,
Randy,,,,,,,,,,,,,,,,,,,,,,
Raven,,,,,,,,,,,,,,,,,,,,,,
Ray,,,,,,,,,,,,,,,,,,,,,,
Raymond,,,,,,,,,,,,,,,,,,,,,,
Reagan,,,,,,,,,,,,,,,,,,,,,,
Rebecca,,,,,,,,,,,,,,,,,,,,,,
Rebekah,,,,,,,,,,,,,,,,,,,,,,
Reese,,,,,,,,,,,,,,,,,,,,,,
Regina,,,,,,,,,,,,,,,,,,,,,,
Reginald,,,,,,,,,,,,,,,,,,,,,,
Renee,,,,,,,,,,,,,,,,,,,,,,
Rhonda,,,,,,,,,,,,,,,,,,,,,,
Ricardo,,,,,,,,,,,,,,,,,,,,,,
Richard,,,,,,,,,,,,,,,,,,,,,,
Rick,,,,,,,,,,,,,,,,,,,,,,
Rickey,,,,,,,,,,,,,,,,,,,,,,
Ricky,,,,,,,,,,,,,,,,,,,,,,
Riley,,,,,,,,,,,,,,,,,,,,,,
Rita,,,,,,,,,,,,,,,,,,,,,,
Robert,,,,,,,,,,,,,,,,,,,,,,
Roberta,,,,,,,,,,,,,,,,,,,,,,
Roberto,,,,,,,,,,,,,,,,,,,,,,
Robin,,,,,,,,,,,,,,,,,,,,,,
Robyn,,,,,,,,,,,,,,,,,,,,,,
Rodney,,,,,,,,,,,,,,,,,,,,,,
Roger,,,,,,,,,,,,,,,,,,,,,,
Roman,,,,,,,,,,,,,,,,,,,,,,
Ronald,,,,,,,,,,,,,,,,,,,,,,
Ronnie,,,,,,,,,,,,,,,,,,,,,,
Rose,,,,,,,,,,,,,,,,,,,,,,
Ross,,,,,,,,,,,,,,,,,,,,,,
Roy,,,,,,,,,,,,,,,,,,,,,,
Ruben,,,,,,,,,,,,,,,,,,,,,,
Ruby,,,,,,,,,,,,,,,,,,,,,,
Russell,,,,,,,,,,,,,,,,,,,,,,
Ruth,,,,,,,,,,,,,,,,,,,,,,
Ryan,,,,,,,,,,,,,,,,,,,,,,
Ryder,,,,,,,,,,,,,,,,,,,,,,
Ryker,,,,,,,,,,,,,,,,,,,,,,
Rylee,,,,,,,,,,,,,,,,,,,,,,
Ryleigh,,,,,,,,,,,,,,,,,,,,,,
Sabrina,,,,,,,,,,,,,,,,,,,,,,
Sadie,,,,,,,,,,,,,,,,,,,,,,
Sally,,,,,,,,,,,,,,,,,,,,,,
Samantha,,,,,,,,,,,,,,,,,,,,,,
Samuel,,,,,,,,,,,,,,,,,,,,,,
Sandra,,,,,,,,,,,,,,,,,,,,,,
Sandy,,,,,,,,,,,,,,,,,,,,,,
Santiago,,,,,,,,,,,,,,,,,,,,,,
Sara,,,,,,,,,,,,,,,,,,,,,,
Sarah,,,,,,,,,,,,,,,,,,,,,,
Savannah,,,,,,,,,,,,,,,,,,,,,,
Sawyer,,,,,,,,,,,,,,,,,,,,,,
Scarlett,,,,,,,,,,,,,,,,,,,,,,
Scott,,,,,,,,,,,,,,,,,,,,,,
Sean,,,,,,,,,,,,,,,,,,,,,,
Sebastian,,,,,,,,,,,,,,,,,,,,,,
Selena,,,,,,,,,,,,,,,,,,,,,,
Serenity,,,,,,,,,,,,,,,,,,,,,,
Sergio,,,,,,,,,,,,,,,,,,,,,,
Seth,,,,,,,,,,,,,,,,,,,,,,
Shane,,,,,,,,,,,,,,,,,,,,,,
Shannon,,,,,,,,,,,,,,,,,,,,,,
Shari,,,,,,,,,,,,,,,,,,,,,,
Sharon,,,,,,,,,,,,,,,,,,,,,,
Shaun,,,,,,,,,,,,,,,,,,,,,,
Shawn,,,,,,,,,,,,,,,,,,,,,,
Shawna,,,,,,,,,,,,,,,,,,,,,,
Sheena,,,,,,,,,,,,,,,,,,,,,,
Sheila,,,,,,,,,,,,,,,,,,,,,,
Shelby,,,,,,,,,,,,,,,,,,,,,,
Shelia,,,,,,,,,,,,,,,,,,,,,,
Shelley,,,,,,,,,,,,,,,,,,,,,,
Shelly,,,,,,,,,,,,,,,,,,,,,,
Sheri,,,,,,,,,,,,,,,,,,,,,,
Sherri,,,,,,,,,,,,,,,,,,,,,,
Sherry,,,,,,,,,,,,,,,,,,,,,,
Sheryl,,,,,,,,,,,,,,,,,,,,,,
Shirley,,,,,,,,,,,,,,,,,,,,,,
Sierra,,,,,,,,,,,,,,,,,,,,,,
Silas,,,,,,,,,,,,,,,,,,,,,,
Skylar,,,,,,,,,,,,,,,,,,,,,,
Sofia,,,,,,,,,,,,,,,,,,,,,,
Sonia,,,,,,,,,,,,,,,,,,,,,,
Sonya,,,,,,,,,,,,,,,,,,,,,,
Sophia,,,,,,,,,,,,,,,,,,,,,,
Sophie,,,,,,,,,,,,,,,,,,,,,,
Spencer,,,,,,,,,,,,,,,,,,,,,,
Stacey,,,,,,,,,,,,,,,,,,,,,,
Stacie,,,,,,,,,,,,,,,,,,,,,,
Stacy,,,,,,,,,,,,,,,,,,,,,,
Stanley,,,,,,,,,,,,,,,,,,,,,,
Stefanie,,,,,,,,,,,,,,,,,,,,,,
Stella,,,,,,,,,,,,,,,,,,,,,,
Stephanie,,,,,,,,,,,,,,,,,,,,,,
Stephen,,,,,,,,,,,,,,,,,,,,,,
Steve,,,,,,,,,,,,,,,,,,,,,,
Steven,,,,,,,,,,,,,,,,,,,,,,
Stuart,,,,,,,,,,,,,,,,,,,,,,
Sue,,,,,,,,,,,,,,,,,,,,,,
Summer,,,,,,,,,,,,,,,,,,,,,,
Susan,,,,,,,,,,,,,,,,,,,,,,
Suzanne,,,,,,,,,,,,,,,,,,,,,,
Sydney,,,,,,,,,,,,,,,,,,,,,,
Sylvia,,,,,,,,,,,,,,,,,,,,,,
Tabitha,,,,,,,,,,,,,,,,,,,,,,
Tamara,,,,,,,,,,,,,,,,,,,,,,
Tami,,,,,,,,,,,,,,,,,,,,,,
Tammie,,,,,,,,,,,,,,,,,,,,,,
Tammy,,,,,,,,,,,,,,,,,,,,,,
Tanner,,,,,,,,,,,,,,,,,,,,,,
Tanya,,,,,,,,,,,,,,,,,,,,,,
Tara,,,,,,,,,,,,,,,,,,,,,,
Tasha,,,,,,,,,,,,,,,,,,,,,,
Taylor,,,,,,,,,,,,,,,,,,,,,,
Teresa,,,,,,,,,,,,,,,,,,,,,,
Terrance,,,,,,,,,,,,,,,,,,,,,,
Terrence,,,,,,,,,,,,,,,,,,,,,,
Terri,,,,,,,,,,,,,,,,,,,,,,
Terry,,,,,,,,,,,,,,,,,,,,,,
Theodore,,,,,,,,,,,,,,,,,,,,,,
Theresa,,,,,,,,,,,,,,,,,,,,,,
Thomas,,,,,,,,,,,,,,,,,,,,,,
Tiffany,,,,,,,,,,,,,,,,,,,,,,
Tim,,,,,,,,,,,,,,,,,,,,,,
Timothy,,,,,,,,,,,,,,,,,,,,,,
Tina,,,,,,,,,,,,,,,,,,,,,,
Todd,,,,,,,,,,,,,,,,,,,,,,
Tom,,,,,,,,,,,,,,,,,,,,,,
Tommy,,,,,,,,,,,,,,,,,,,,,,
Toni,,,,,,,,,,,,,,,,,,,,,,
Tony,,,,,,,,,,,,,,,,,,,,,,
Tonya,,,,,,,,,,,,,,,,,,,,,,
Tracey,,,,,,,,,,,,,,,,,,,,,,
Traci,,,,,,,,,,,,,,,,,,,,,,
Tracie,,,,,,,,,,,,,,,,,,,,,,
Tracy,,,,,,,,,,,,,,,,,,,,,,
Travis,,,,,,,,,,,,,,,,,,,,,,
Trenton,,,,,,,,,,,,,,,,,,,,,,
Trevor,,,,,,,,,,,,,,,,,,,,,,
Tricia,,,,,,,,,,,,,,,,,,,,,,
Trinity,,,,,,,,,,,,,,,,,,,,,,
Tristan,,,,,,,,,,,,,,,,,,,,,,
Troy,,,,,,,,,,,,,,,,,,,,,,
Tucker,,,,,,,,,,,,,,,,,,,,,,
Tyler,,,,,,,,,,,,,,,,,,,,,,
Tyrone,,,,,,,,,,,,,,,,,,,,,,
Valentina,,,,,,,,,,,,,,,,,,,,,,
Valeria,,,,,,,,,,,,,,,,,,,,,,
Valerie,,,,,,,,,,,,,,,,,,,,,,
Vanessa,,,,,,,,,,,,,,,,,,,,,,
Vernon,,,,,,,,,,,,,,,,,,,,,,
Veronica,,,,,,,,,,,,,,,,,,,,,,
Vicki,,,,,,,,,,,,,,,,,,,,,,
Vickie,,,,,,,,,,,,,,,,,,,,,,
Victor,,,,,,,,,,,,,,,,,,,,,,
Victoria,,,,,,,,,,,,,,,,,,,,,,
Vincent,,,,,,,,,,,,,,,,,,,,,,
Violet,,,,,,,,,,,,,,,,,,,,,,
Virginia,,,,,,,,,,,,,,,,,,,,,,
Vivian,,,,,,,,,,,,,,,,,,,,,,
Walter,,,,,,,,,,,,,,,,,,,,,,
Wanda,,,,,,,,,,,,,,,,,,,,,,
Warren,,,,,,,,,,,,,,,,,,,,,,
Wayne,,,,,,,,,,,,,,,,,,,,,,
Wendy,,,,,,,,,,,,,,,,,,,,,,
Wesley,,,,,,,,,,,,,,,,,,,,,,
Weston,,,,,,,,,,,,,,,,,,,,,,
Whitney,,,,,,,,,,,,,,,,,,,,,,
William,,,,,,,,,,,,,,,,,,,,,,
Willie,,,,,,,,,,,,,,,,,,,,,,
Willow,,,,,,,,,,,,,,,,,,,,,,
Wyatt,,,,,,,,,,,,,,,,,,,,,,
Xavier,,,,,,,,,,,,,,,,,,,,,,
Ximena,,,,,,,,,,,,,,,,,,,,,,
Yesenia,,,,,,,,,,,,,,,,,,,,,,
Yolanda,,,,,,,,,,,,,,,,,,,,,,
Yvette,,,,,,,,,,,,,,,,,,,,,,
Yvonne,,,,,,,,,,,,,,,,,,,,,,
Zachary,,,,,,,,,,,,,,,,,,,,,,
Zoe,,,,,,,,,,,,,,,,,,,,,,
Zoey,,,,,,,,,,,,,,,,,,,,,,
